physID,name,address,phone
1,Dr. Isha Bose,"122/82 Main Road, Bengaluru, Karnataka",+91-9374487674
2,Dr. Priya Desai,"105/64 Main Road, Jaipur, Rajasthan",+91-8463676832
3,Dr. Aarav Reddy,"635/29 Main Road, Mumbai, Maharashtra",+91-8892868019
4,Dr. Aditya Yadav,"764/1 Main Road, Kolkata, West Bengal",+91-9842815997
5,Dr. Anaya Bose,"83/38 Main Road, Hyderabad, Telangana",+91-9382831580
6,Dr. Kiran Pandey,"845/44 Main Road, Chennai, Tamil Nadu",+91-9873845130
7,Dr. Isha Jain,"518/58 Main Road, Delhi, Delhi",+91-9810417763
8,Dr. Diya Verma,"190/90 Main Road, Hyderabad, Telangana",+91-9856349090
9,Dr. Diya Sharma,"749/26 Main Road, Lucknow, Uttar Pradesh",+91-7810224085
10,Dr. Aanya Reddy,"879/84 Main Road, Lucknow, Uttar Pradesh",+91-9271939130
11,Dr. Sneha Tiwari,"444/52 Main Road, Delhi, Delhi",+91-9318236691
12,Dr. Pooja Nair,"928/52 Main Road, Pune, Maharashtra",+91-9750438752
13,Dr. Aanya Yadav,"782/43 Main Road, Bengaluru, Karnataka",+91-9781499791
14,Dr. Priya Khan,"630/91 Main Road, Jaipur, Rajasthan",+91-9386689969
15,Dr. Vihaan Singh,"721/75 Main Road, Lucknow, Uttar Pradesh",+91-7049090512
16,Dr. Rohit Nair,"746/15 Main Road, Lucknow, Uttar Pradesh",+91-9671921656
17,Dr. Myra Verma,"957/74 Main Road, Hyderabad, Telangana",+91-7259995840
18,Dr. Aditya Chowdhury,"614/17 Main Road, Pune, Maharashtra",+91-7009933754
19,Dr. Vivaan Sharma,"777/9 Main Road, Mumbai, Maharashtra",+91-8863985376
20,Dr. Arjun Verma,"122/37 Main Road, Pune, Maharashtra",+91-9829895858
21,Dr. Arjun Gupta,"206/60 Main Road, Hyderabad, Telangana",+91-8977484287
22,Dr. Amit Yadav,"233/18 Main Road, Jaipur, Rajasthan",+91-7243472505
23,Dr. Aanya Gupta,"741/25 Main Road, Mumbai, Maharashtra",+91-8924130934
24,Dr. Sneha Gupta,"673/10 Main Road, Mumbai, Maharashtra",+91-8512217886
25,Dr. Aditya Tiwari,"243/93 Main Road, Jaipur, Rajasthan",+91-9280616316
26,Dr. Arjun Ghosh,"92/92 Main Road, Mumbai, Maharashtra",+91-8285081738
27,Dr. Vihaan Iyer,"387/61 Main Road, Delhi, Delhi",+91-9512041698
28,Dr. Neha Verma,"827/91 Main Road, Mumbai, Maharashtra",+91-7130072332
29,Dr. Aditya Pandey,"887/49 Main Road, Chennai, Tamil Nadu",+91-7009963287
30,Dr. Sneha Verma,"310/54 Main Road, Chennai, Tamil Nadu",+91-8816176816
31,Dr. Isha Kulkarni,"486/31 Main Road, Ahmedabad, Gujarat",+91-7611055147
32,Dr. Vivaan Reddy,"789/39 Main Road, Chennai, Tamil Nadu",+91-9629211684
33,Dr. Vivaan Iyer,"320/67 Main Road, Lucknow, Uttar Pradesh",+91-8296284383
34,Dr. Vivaan Pandey,"549/90 Main Road, Delhi, Delhi",+91-7809878581
35,Dr. Anaya Khan,"4/27 Main Road, Bengaluru, Karnataka",+91-9331853411
36,Dr. Kiran Jain,"163/61 Main Road, Kolkata, West Bengal",+91-9422500000
37,Dr. Diya Ghosh,"653/7 Main Road, Jaipur, Rajasthan",+91-9589177770
38,Dr. Vivaan Verma,"161/91 Main Road, Mumbai, Maharashtra",+91-8542492482
39,Dr. Aarav Mehta,"169/37 Main Road, Kolkata, West Bengal",+91-8302339335
40,Dr. Anaya Mehta,"204/13 Main Road, Jaipur, Rajasthan",+91-7330177588
41,Dr. Vivaan Chowdhury,"836/95 Main Road, Lucknow, Uttar Pradesh",+91-9257634744
42,Dr. Arjun Sharma,"409/68 Main Road, Hyderabad, Telangana",+91-9044143784
43,Dr. Siddharth Yadav,"340/98 Main Road, Jaipur, Rajasthan",+91-9232397757
44,Dr. Arjun Tiwari,"624/6 Main Road, Hyderabad, Telangana",+91-7924358506
45,Dr. Priya Tiwari,"335/77 Main Road, Mumbai, Maharashtra",+91-8267958779
46,Dr. Neha Tiwari,"154/6 Main Road, Lucknow, Uttar Pradesh",+91-8445700410
47,Dr. Rahul Iyer,"293/79 Main Road, Ahmedabad, Gujarat",+91-7362144286
48,Dr. Sneha Gupta,"582/73 Main Road, Ahmedabad, Gujarat",+91-8668896992
49,Dr. Rohit Mehta,"45/82 Main Road, Ahmedabad, Gujarat",+91-8129352661
50,Dr. Isha Reddy,"725/82 Main Road, Jaipur, Rajasthan",+91-9735808427
51,Dr. Priya Nair,"444/31 Main Road, Delhi, Delhi",+91-8294256515
52,Dr. Priya Pandey,"877/24 Main Road, Hyderabad, Telangana",+91-7290790340
53,Dr. Kiran Jain,"660/9 Main Road, Pune, Maharashtra",+91-9611653841
54,Dr. Rahul Ghosh,"945/14 Main Road, Pune, Maharashtra",+91-7815688458
55,Dr. Arjun Chowdhury,"15/2 Main Road, Bengaluru, Karnataka",+91-7098287048
56,Dr. Priya Patel,"636/93 Main Road, Kolkata, West Bengal",+91-7370149455
57,Dr. Aanya Kulkarni,"653/21 Main Road, Ahmedabad, Gujarat",+91-7681875880
58,Dr. Vihaan Reddy,"353/79 Main Road, Pune, Maharashtra",+91-8161880550
59,Dr. Aarav Desai,"667/31 Main Road, Delhi, Delhi",+91-7619638705
60,Dr. Aditya Singh,"480/72 Main Road, Delhi, Delhi",+91-8123298744
61,Dr. Arjun Mehta,"961/94 Main Road, Chennai, Tamil Nadu",+91-9029687497
62,Dr. Diya Pandey,"846/41 Main Road, Ahmedabad, Gujarat",+91-7390270609
63,Dr. Amit Patel,"37/37 Main Road, Pune, Maharashtra",+91-7567632810
64,Dr. Diya Mehta,"329/44 Main Road, Kolkata, West Bengal",+91-7872114263
65,Dr. Arjun Yadav,"647/86 Main Road, Mumbai, Maharashtra",+91-9605473221
66,Dr. Neha Khan,"894/96 Main Road, Bengaluru, Karnataka",+91-7725500698
67,Dr. Aditya Singh,"61/95 Main Road, Bengaluru, Karnataka",+91-7877212462
68,Dr. Anaya Iyer,"259/67 Main Road, Jaipur, Rajasthan",+91-9690845766
69,Dr. Amit Bose,"770/38 Main Road, Bengaluru, Karnataka",+91-8893716180
70,Dr. Rohit Tiwari,"35/46 Main Road, Mumbai, Maharashtra",+91-7708725347
71,Dr. Anaya Mehta,"26/35 Main Road, Delhi, Delhi",+91-9545835766
72,Dr. Sneha Ghosh,"764/98 Main Road, Jaipur, Rajasthan",+91-7926266710
73,Dr. Arjun Tiwari,"357/95 Main Road, Kolkata, West Bengal",+91-9886404666
74,Dr. Aarav Sharma,"59/27 Main Road, Hyderabad, Telangana",+91-9581009235
75,Dr. Priya Sharma,"839/84 Main Road, Ahmedabad, Gujarat",+91-9638028823
76,Dr. Diya Verma,"716/23 Main Road, Ahmedabad, Gujarat",+91-7441447817
77,Dr. Aanya Gupta,"352/38 Main Road, Mumbai, Maharashtra",+91-8759691207
78,Dr. Neha Reddy,"222/3 Main Road, Lucknow, Uttar Pradesh",+91-7384776550
79,Dr. Kiran Kulkarni,"9/72 Main Road, Delhi, Delhi",+91-7951530881
80,Dr. Myra Gupta,"468/12 Main Road, Chennai, Tamil Nadu",+91-7212410255
81,Dr. Amit Sharma,"232/13 Main Road, Lucknow, Uttar Pradesh",+91-7486432175
82,Dr. Pooja Pandey,"467/71 Main Road, Lucknow, Uttar Pradesh",+91-7217415023
83,Dr. Siddharth Tiwari,"458/34 Main Road, Mumbai, Maharashtra",+91-9365538649
84,Dr. Aditya Ghosh,"884/29 Main Road, Ahmedabad, Gujarat",+91-9825114720
85,Dr. Myra Reddy,"454/9 Main Road, Lucknow, Uttar Pradesh",+91-9756967176
86,Dr. Kiran Yadav,"396/6 Main Road, Mumbai, Maharashtra",+91-9168910891
87,Dr. Aanya Ghosh,"482/95 Main Road, Lucknow, Uttar Pradesh",+91-7672211015
88,Dr. Kiran Singh,"247/1 Main Road, Ahmedabad, Gujarat",+91-8338822902
89,Dr. Diya Desai,"557/80 Main Road, Delhi, Delhi",+91-9990243453
90,Dr. Myra Sharma,"581/48 Main Road, Kolkata, West Bengal",+91-7747307120
91,Dr. Diya Khan,"956/10 Main Road, Chennai, Tamil Nadu",+91-9851653829
92,Dr. Myra Tiwari,"638/73 Main Road, Chennai, Tamil Nadu",+91-7920245874
93,Dr. Rohit Ghosh,"671/80 Main Road, Delhi, Delhi",+91-7706553564
94,Dr. Aarav Singh,"421/54 Main Road, Kolkata, West Bengal",+91-8820827069
95,Dr. Aanya Verma,"522/69 Main Road, Lucknow, Uttar Pradesh",+91-9172217530
96,Dr. Arjun Jain,"696/10 Main Road, Bengaluru, Karnataka",+91-8406001396
97,Dr. Neha Chowdhury,"725/43 Main Road, Hyderabad, Telangana",+91-9196769449
98,Dr. Diya Mehta,"244/11 Main Road, Pune, Maharashtra",+91-9976697911
99,Dr. Rahul Khan,"351/93 Main Road, Pune, Maharashtra",+91-9240314068
100,Dr. Priya Iyer,"254/61 Main Road, Delhi, Delhi",+91-7466339509
101,Dr. Rahul Desai,"457/29 Main Road, Bengaluru, Karnataka",+91-9867370112
102,Dr. Diya Reddy,"496/91 Main Road, Pune, Maharashtra",+91-7412350017
103,Dr. Aditya Nair,"692/75 Main Road, Bengaluru, Karnataka",+91-8548471563
104,Dr. Sneha Yadav,"560/13 Main Road, Lucknow, Uttar Pradesh",+91-7881216076
105,Dr. Isha Ghosh,"944/21 Main Road, Jaipur, Rajasthan",+91-9144531270
106,Dr. Kiran Gupta,"909/97 Main Road, Jaipur, Rajasthan",+91-8276677688
107,Dr. Isha Chowdhury,"357/16 Main Road, Mumbai, Maharashtra",+91-9028213619
108,Dr. Aarav Desai,"183/34 Main Road, Delhi, Delhi",+91-8051567358
109,Dr. Siddharth Patel,"928/72 Main Road, Mumbai, Maharashtra",+91-7636753578
110,Dr. Rahul Sharma,"904/39 Main Road, Kolkata, West Bengal",+91-8211589871
111,Dr. Aarav Iyer,"635/74 Main Road, Pune, Maharashtra",+91-7949257506
112,Dr. Vihaan Chowdhury,"754/63 Main Road, Bengaluru, Karnataka",+91-7622748690
113,Dr. Priya Patel,"275/78 Main Road, Ahmedabad, Gujarat",+91-9993696601
114,Dr. Aditya Mehta,"481/85 Main Road, Delhi, Delhi",+91-7436455697
115,Dr. Aarav Jain,"505/82 Main Road, Kolkata, West Bengal",+91-7904741023
116,Dr. Aanya Nair,"565/95 Main Road, Chennai, Tamil Nadu",+91-8948286071
117,Dr. Aditya Jain,"966/25 Main Road, Kolkata, West Bengal",+91-8936420537
118,Dr. Diya Khan,"264/63 Main Road, Jaipur, Rajasthan",+91-8262733448
119,Dr. Amit Sharma,"152/17 Main Road, Ahmedabad, Gujarat",+91-8412822785
120,Dr. Anaya Sharma,"761/77 Main Road, Pune, Maharashtra",+91-8299415934
121,Dr. Priya Khan,"299/87 Main Road, Kolkata, West Bengal",+91-7387673974
122,Dr. Myra Sharma,"972/57 Main Road, Chennai, Tamil Nadu",+91-8171658459
123,Dr. Aditya Chowdhury,"102/31 Main Road, Hyderabad, Telangana",+91-9190788649
124,Dr. Neha Reddy,"415/28 Main Road, Jaipur, Rajasthan",+91-8705713806
125,Dr. Amit Bose,"905/84 Main Road, Mumbai, Maharashtra",+91-9875191240
126,Dr. Vihaan Singh,"328/23 Main Road, Lucknow, Uttar Pradesh",+91-7891821511
127,Dr. Neha Verma,"121/79 Main Road, Chennai, Tamil Nadu",+91-8920960148
128,Dr. Priya Bose,"948/1 Main Road, Lucknow, Uttar Pradesh",+91-8392250615
129,Dr. Neha Yadav,"30/35 Main Road, Hyderabad, Telangana",+91-9221195062
130,Dr. Kiran Tiwari,"145/99 Main Road, Mumbai, Maharashtra",+91-7033489517
131,Dr. Anaya Tiwari,"388/3 Main Road, Pune, Maharashtra",+91-9151330071
132,Dr. Neha Yadav,"877/93 Main Road, Bengaluru, Karnataka",+91-8439991383
133,Dr. Rahul Patel,"985/28 Main Road, Mumbai, Maharashtra",+91-8922274718
134,Dr. Rohit Chowdhury,"630/64 Main Road, Delhi, Delhi",+91-8525996336
135,Dr. Arjun Yadav,"993/98 Main Road, Hyderabad, Telangana",+91-7931840811
136,Dr. Vihaan Verma,"494/81 Main Road, Lucknow, Uttar Pradesh",+91-9032387031
137,Dr. Kiran Mehta,"699/52 Main Road, Delhi, Delhi",+91-9762502697
138,Dr. Amit Gupta,"836/59 Main Road, Kolkata, West Bengal",+91-7948126358
139,Dr. Vivaan Yadav,"316/86 Main Road, Pune, Maharashtra",+91-7988102458
140,Dr. Rohit Patel,"490/5 Main Road, Hyderabad, Telangana",+91-8158879327
141,Dr. Diya Kulkarni,"345/42 Main Road, Lucknow, Uttar Pradesh",+91-8522244852
142,Dr. Myra Pandey,"423/57 Main Road, Delhi, Delhi",+91-8067968951
143,Dr. Aarav Bose,"115/49 Main Road, Jaipur, Rajasthan",+91-7642842785
144,Dr. Neha Singh,"312/16 Main Road, Ahmedabad, Gujarat",+91-8500305744
145,Dr. Pooja Mehta,"65/51 Main Road, Ahmedabad, Gujarat",+91-7198223344
146,Dr. Arjun Chowdhury,"410/21 Main Road, Delhi, Delhi",+91-8214923647
147,Dr. Priya Verma,"902/80 Main Road, Hyderabad, Telangana",+91-9042675198
148,Dr. Aanya Khan,"181/48 Main Road, Delhi, Delhi",+91-7007059942
149,Dr. Myra Tiwari,"676/28 Main Road, Chennai, Tamil Nadu",+91-8933235866
150,Dr. Aarav Singh,"983/58 Main Road, Lucknow, Uttar Pradesh",+91-7964856134
151,Dr. Aditya Patel,"749/90 Main Road, Jaipur, Rajasthan",+91-8002965420
152,Dr. Aanya Bose,"136/14 Main Road, Hyderabad, Telangana",+91-7121414448
153,Dr. Aanya Tiwari,"472/89 Main Road, Jaipur, Rajasthan",+91-9089620988
154,Dr. Aarav Khan,"88/78 Main Road, Pune, Maharashtra",+91-9885723745
155,Dr. Rahul Nair,"922/39 Main Road, Chennai, Tamil Nadu",+91-8807164412
156,Dr. Sneha Patel,"829/67 Main Road, Mumbai, Maharashtra",+91-9947370666
157,Dr. Aditya Pandey,"277/2 Main Road, Ahmedabad, Gujarat",+91-9274620823
158,Dr. Amit Patel,"799/27 Main Road, Ahmedabad, Gujarat",+91-9744393009
159,Dr. Vivaan Iyer,"338/59 Main Road, Bengaluru, Karnataka",+91-7056504178
160,Dr. Anaya Pandey,"784/59 Main Road, Delhi, Delhi",+91-8068886537
161,Dr. Pooja Patel,"10/7 Main Road, Ahmedabad, Gujarat",+91-9588805303
162,Dr. Anaya Jain,"974/1 Main Road, Mumbai, Maharashtra",+91-7997935405
163,Dr. Priya Verma,"914/88 Main Road, Bengaluru, Karnataka",+91-7067289704
164,Dr. Pooja Singh,"524/24 Main Road, Hyderabad, Telangana",+91-7449761903
165,Dr. Isha Desai,"367/30 Main Road, Lucknow, Uttar Pradesh",+91-7436584817
166,Dr. Aditya Iyer,"916/94 Main Road, Bengaluru, Karnataka",+91-8193234127
167,Dr. Priya Pandey,"414/71 Main Road, Delhi, Delhi",+91-9955470856
168,Dr. Amit Bose,"911/79 Main Road, Hyderabad, Telangana",+91-7719740518
169,Dr. Aarav Mehta,"268/6 Main Road, Pune, Maharashtra",+91-9414071108
170,Dr. Myra Sharma,"694/53 Main Road, Mumbai, Maharashtra",+91-8173994911
171,Dr. Rahul Sharma,"859/30 Main Road, Mumbai, Maharashtra",+91-8642348108
172,Dr. Rahul Yadav,"117/55 Main Road, Ahmedabad, Gujarat",+91-7168073416
173,Dr. Sneha Tiwari,"266/9 Main Road, Ahmedabad, Gujarat",+91-9953667199
174,Dr. Myra Yadav,"540/92 Main Road, Bengaluru, Karnataka",+91-8514715923
175,Dr. Pooja Pandey,"92/45 Main Road, Hyderabad, Telangana",+91-7014337883
176,Dr. Vivaan Chowdhury,"394/16 Main Road, Hyderabad, Telangana",+91-7802192974
177,Dr. Kiran Singh,"359/36 Main Road, Hyderabad, Telangana",+91-9636517147
178,Dr. Isha Nair,"907/27 Main Road, Chennai, Tamil Nadu",+91-7599880845
179,Dr. Aditya Jain,"32/92 Main Road, Bengaluru, Karnataka",+91-7493476755
180,Dr. Aarav Kulkarni,"262/90 Main Road, Kolkata, West Bengal",+91-9821470360
181,Dr. Neha Bose,"618/51 Main Road, Jaipur, Rajasthan",+91-9679636402
182,Dr. Myra Gupta,"641/45 Main Road, Bengaluru, Karnataka",+91-7288233802
183,Dr. Siddharth Gupta,"806/62 Main Road, Delhi, Delhi",+91-7755448236
184,Dr. Rahul Gupta,"803/30 Main Road, Hyderabad, Telangana",+91-8792635394
185,Dr. Siddharth Kulkarni,"197/69 Main Road, Mumbai, Maharashtra",+91-7689110021
186,Dr. Vivaan Kulkarni,"586/21 Main Road, Lucknow, Uttar Pradesh",+91-8545111128
187,Dr. Neha Verma,"47/93 Main Road, Hyderabad, Telangana",+91-9953582161
188,Dr. Rohit Kulkarni,"824/5 Main Road, Lucknow, Uttar Pradesh",+91-8342351863
189,Dr. Arjun Patel,"304/58 Main Road, Delhi, Delhi",+91-8468797515
190,Dr. Sneha Nair,"13/68 Main Road, Pune, Maharashtra",+91-7090416853
191,Dr. Neha Sharma,"811/23 Main Road, Lucknow, Uttar Pradesh",+91-9539339109
192,Dr. Kiran Chowdhury,"378/37 Main Road, Jaipur, Rajasthan",+91-7998174267
193,Dr. Amit Tiwari,"605/73 Main Road, Kolkata, West Bengal",+91-8427016816
194,Dr. Aarav Chowdhury,"746/2 Main Road, Pune, Maharashtra",+91-8067917879
195,Dr. Sneha Desai,"745/26 Main Road, Lucknow, Uttar Pradesh",+91-8341186844
196,Dr. Diya Reddy,"342/11 Main Road, Lucknow, Uttar Pradesh",+91-9252468086
197,Dr. Isha Reddy,"323/75 Main Road, Pune, Maharashtra",+91-8539407556
198,Dr. Aanya Ghosh,"205/67 Main Road, Kolkata, West Bengal",+91-8625025378
199,Dr. Siddharth Chowdhury,"255/76 Main Road, Pune, Maharashtra",+91-8067541918
200,Dr. Aarav Iyer,"300/44 Main Road, Mumbai, Maharashtra",+91-9993888614
201,Dr. Anaya Tiwari,"376/80 Main Road, Mumbai, Maharashtra",+91-7191924425
202,Dr. Pooja Chowdhury,"887/19 Main Road, Kolkata, West Bengal",+91-7383795419
203,Dr. Siddharth Yadav,"31/18 Main Road, Bengaluru, Karnataka",+91-9120305142
204,Dr. Aarav Mehta,"451/11 Main Road, Delhi, Delhi",+91-9462021615
205,Dr. Rohit Mehta,"66/66 Main Road, Delhi, Delhi",+91-9184920128
206,Dr. Kiran Gupta,"359/11 Main Road, Jaipur, Rajasthan",+91-7641901830
207,Dr. Amit Pandey,"639/30 Main Road, Chennai, Tamil Nadu",+91-8391284012
208,Dr. Sneha Kulkarni,"561/14 Main Road, Kolkata, West Bengal",+91-8578961551
209,Dr. Diya Ghosh,"213/47 Main Road, Lucknow, Uttar Pradesh",+91-7579861766
210,Dr. Sneha Verma,"753/39 Main Road, Chennai, Tamil Nadu",+91-7051858614
211,Dr. Isha Patel,"570/15 Main Road, Jaipur, Rajasthan",+91-7448731074
212,Dr. Diya Tiwari,"527/11 Main Road, Hyderabad, Telangana",+91-8276094664
213,Dr. Isha Sharma,"950/25 Main Road, Delhi, Delhi",+91-7563383198
214,Dr. Aarav Tiwari,"400/41 Main Road, Lucknow, Uttar Pradesh",+91-7986111109
215,Dr. Neha Kulkarni,"557/57 Main Road, Hyderabad, Telangana",+91-8169197786
216,Dr. Sneha Reddy,"504/97 Main Road, Lucknow, Uttar Pradesh",+91-9620379684
217,Dr. Aarav Gupta,"81/97 Main Road, Bengaluru, Karnataka",+91-8446694401
218,Dr. Kiran Gupta,"232/2 Main Road, Pune, Maharashtra",+91-9078528336
219,Dr. Vivaan Bose,"633/44 Main Road, Mumbai, Maharashtra",+91-7351411204
220,Dr. Kiran Tiwari,"440/24 Main Road, Ahmedabad, Gujarat",+91-9679001124
221,Dr. Amit Iyer,"691/23 Main Road, Kolkata, West Bengal",+91-8807100207
222,Dr. Rahul Singh,"587/16 Main Road, Chennai, Tamil Nadu",+91-9220128281
223,Dr. Arjun Singh,"937/70 Main Road, Lucknow, Uttar Pradesh",+91-8949681261
224,Dr. Kiran Mehta,"51/33 Main Road, Chennai, Tamil Nadu",+91-9958205675
225,Dr. Aanya Chowdhury,"664/93 Main Road, Hyderabad, Telangana",+91-8408965625
226,Dr. Isha Patel,"357/46 Main Road, Delhi, Delhi",+91-8880259983
227,Dr. Neha Bose,"885/59 Main Road, Ahmedabad, Gujarat",+91-8420270682
228,Dr. Vihaan Nair,"722/76 Main Road, Lucknow, Uttar Pradesh",+91-8446062032
229,Dr. Neha Jain,"188/19 Main Road, Bengaluru, Karnataka",+91-9996413135
230,Dr. Arjun Nair,"692/19 Main Road, Hyderabad, Telangana",+91-8877064308
231,Dr. Rohit Iyer,"297/58 Main Road, Delhi, Delhi",+91-7205796539
232,Dr. Anaya Tiwari,"480/61 Main Road, Hyderabad, Telangana",+91-9205927233
233,Dr. Vivaan Bose,"318/2 Main Road, Lucknow, Uttar Pradesh",+91-7103136996
234,Dr. Vivaan Verma,"389/66 Main Road, Lucknow, Uttar Pradesh",+91-8446460154
235,Dr. Arjun Yadav,"472/74 Main Road, Hyderabad, Telangana",+91-7528228521
236,Dr. Aditya Patel,"611/49 Main Road, Pune, Maharashtra",+91-8244954128
237,Dr. Rahul Gupta,"724/30 Main Road, Bengaluru, Karnataka",+91-9418750353
238,Dr. Anaya Pandey,"489/15 Main Road, Mumbai, Maharashtra",+91-7839918104
239,Dr. Aditya Singh,"419/64 Main Road, Jaipur, Rajasthan",+91-7671144111
240,Dr. Anaya Sharma,"327/43 Main Road, Lucknow, Uttar Pradesh",+91-9973908528
241,Dr. Pooja Kulkarni,"325/6 Main Road, Jaipur, Rajasthan",+91-8291935889
242,Dr. Pooja Jain,"385/66 Main Road, Delhi, Delhi",+91-7711158955
243,Dr. Priya Pandey,"651/27 Main Road, Kolkata, West Bengal",+91-7592488568
244,Dr. Sneha Pandey,"269/94 Main Road, Lucknow, Uttar Pradesh",+91-9657090302
245,Dr. Anaya Desai,"332/25 Main Road, Hyderabad, Telangana",+91-8026097824
246,Dr. Aditya Kulkarni,"809/27 Main Road, Lucknow, Uttar Pradesh",+91-7655825259
247,Dr. Isha Verma,"706/79 Main Road, Lucknow, Uttar Pradesh",+91-7185272267
248,Dr. Anaya Tiwari,"812/23 Main Road, Delhi, Delhi",+91-8543436837
249,Dr. Isha Reddy,"504/73 Main Road, Pune, Maharashtra",+91-7207605611
250,Dr. Vivaan Reddy,"932/24 Main Road, Bengaluru, Karnataka",+91-8450919939
251,Dr. Anaya Singh,"389/78 Main Road, Jaipur, Rajasthan",+91-7831959944
252,Dr. Isha Desai,"769/53 Main Road, Pune, Maharashtra",+91-8861674775
253,Dr. Siddharth Patel,"407/35 Main Road, Jaipur, Rajasthan",+91-9949216483
254,Dr. Vivaan Mehta,"571/36 Main Road, Hyderabad, Telangana",+91-9039410551
255,Dr. Vihaan Reddy,"833/76 Main Road, Delhi, Delhi",+91-8723514206
256,Dr. Pooja Tiwari,"659/18 Main Road, Jaipur, Rajasthan",+91-9080561630
257,Dr. Neha Tiwari,"943/48 Main Road, Lucknow, Uttar Pradesh",+91-8256888246
258,Dr. Anaya Bose,"907/39 Main Road, Chennai, Tamil Nadu",+91-8999658955
259,Dr. Vivaan Sharma,"512/81 Main Road, Ahmedabad, Gujarat",+91-9320150927
260,Dr. Vihaan Tiwari,"796/70 Main Road, Delhi, Delhi",+91-8400219351
261,Dr. Pooja Singh,"777/41 Main Road, Hyderabad, Telangana",+91-8284459291
262,Dr. Neha Khan,"856/2 Main Road, Hyderabad, Telangana",+91-9021404422
263,Dr. Anaya Nair,"584/28 Main Road, Chennai, Tamil Nadu",+91-7955174632
264,Dr. Anaya Gupta,"443/66 Main Road, Pune, Maharashtra",+91-7239919171
265,Dr. Diya Jain,"827/9 Main Road, Kolkata, West Bengal",+91-7756469042
266,Dr. Amit Nair,"841/91 Main Road, Chennai, Tamil Nadu",+91-7136507602
267,Dr. Isha Sharma,"320/93 Main Road, Mumbai, Maharashtra",+91-9415468321
268,Dr. Siddharth Mehta,"947/35 Main Road, Pune, Maharashtra",+91-9802267537
269,Dr. Amit Desai,"63/32 Main Road, Hyderabad, Telangana",+91-7248556742
270,Dr. Myra Reddy,"386/29 Main Road, Delhi, Delhi",+91-7487948074
271,Dr. Rohit Yadav,"159/95 Main Road, Pune, Maharashtra",+91-7667812374
272,Dr. Priya Singh,"361/6 Main Road, Delhi, Delhi",+91-8307402352
273,Dr. Isha Ghosh,"147/21 Main Road, Pune, Maharashtra",+91-9235038576
274,Dr. Rahul Nair,"98/12 Main Road, Mumbai, Maharashtra",+91-8901892717
275,Dr. Amit Reddy,"729/66 Main Road, Pune, Maharashtra",+91-8928897157
276,Dr. Arjun Mehta,"650/36 Main Road, Kolkata, West Bengal",+91-8634207363
277,Dr. Rahul Patel,"688/65 Main Road, Bengaluru, Karnataka",+91-8831708187
278,Dr. Sneha Kulkarni,"681/94 Main Road, Delhi, Delhi",+91-7098773301
279,Dr. Pooja Gupta,"617/72 Main Road, Hyderabad, Telangana",+91-9836368986
280,Dr. Arjun Mehta,"725/6 Main Road, Mumbai, Maharashtra",+91-9109919749
281,Dr. Vivaan Bose,"903/12 Main Road, Lucknow, Uttar Pradesh",+91-8010645506
282,Dr. Amit Sharma,"451/29 Main Road, Kolkata, West Bengal",+91-9814901008
283,Dr. Vivaan Gupta,"190/69 Main Road, Pune, Maharashtra",+91-9877122720
284,Dr. Neha Singh,"134/42 Main Road, Delhi, Delhi",+91-8134909351
285,Dr. Myra Desai,"551/38 Main Road, Delhi, Delhi",+91-8746803353
286,Dr. Kiran Tiwari,"263/64 Main Road, Kolkata, West Bengal",+91-8461138364
287,Dr. Arjun Chowdhury,"821/31 Main Road, Chennai, Tamil Nadu",+91-8038167980
288,Dr. Aarav Singh,"281/50 Main Road, Chennai, Tamil Nadu",+91-8858931443
289,Dr. Pooja Mehta,"696/42 Main Road, Chennai, Tamil Nadu",+91-9761023985
290,Dr. Aditya Chowdhury,"998/79 Main Road, Mumbai, Maharashtra",+91-8272794523
291,Dr. Vivaan Mehta,"879/67 Main Road, Ahmedabad, Gujarat",+91-8730264283
292,Dr. Kiran Reddy,"901/26 Main Road, Bengaluru, Karnataka",+91-9198779391
293,Dr. Anaya Reddy,"754/12 Main Road, Bengaluru, Karnataka",+91-8660495131
294,Dr. Arjun Singh,"904/27 Main Road, Ahmedabad, Gujarat",+91-9457585559
295,Dr. Vihaan Pandey,"671/37 Main Road, Hyderabad, Telangana",+91-7517604241
296,Dr. Aarav Mehta,"117/61 Main Road, Jaipur, Rajasthan",+91-7220212940
297,Dr. Diya Mehta,"125/18 Main Road, Jaipur, Rajasthan",+91-8379290823
298,Dr. Kiran Iyer,"165/51 Main Road, Pune, Maharashtra",+91-8961059414
299,Dr. Aditya Bose,"685/9 Main Road, Lucknow, Uttar Pradesh",+91-8997404401
300,Dr. Siddharth Pandey,"122/27 Main Road, Chennai, Tamil Nadu",+91-8871352442
301,Dr. Neha Patel,"458/50 Main Road, Chennai, Tamil Nadu",+91-9082805260
302,Dr. Siddharth Nair,"652/6 Main Road, Delhi, Delhi",+91-9035300240
303,Dr. Aanya Reddy,"146/99 Main Road, Hyderabad, Telangana",+91-9073317378
304,Dr. Neha Kulkarni,"956/13 Main Road, Ahmedabad, Gujarat",+91-7429602910
305,Dr. Arjun Ghosh,"901/6 Main Road, Ahmedabad, Gujarat",+91-7040066960
306,Dr. Pooja Kulkarni,"142/22 Main Road, Bengaluru, Karnataka",+91-7900678408
307,Dr. Kiran Pandey,"880/55 Main Road, Bengaluru, Karnataka",+91-9496452226
308,Dr. Vivaan Pandey,"653/25 Main Road, Bengaluru, Karnataka",+91-7991960346
309,Dr. Siddharth Yadav,"920/40 Main Road, Lucknow, Uttar Pradesh",+91-9542410532
310,Dr. Pooja Khan,"652/8 Main Road, Delhi, Delhi",+91-8041440640
311,Dr. Kiran Mehta,"413/43 Main Road, Chennai, Tamil Nadu",+91-8626233796
312,Dr. Rohit Mehta,"314/31 Main Road, Pune, Maharashtra",+91-8877096649
313,Dr. Vihaan Kulkarni,"855/64 Main Road, Lucknow, Uttar Pradesh",+91-9805808440
314,Dr. Myra Patel,"378/98 Main Road, Pune, Maharashtra",+91-8136785367
315,Dr. Arjun Pandey,"705/10 Main Road, Bengaluru, Karnataka",+91-7127073954
316,Dr. Aarav Kulkarni,"112/18 Main Road, Kolkata, West Bengal",+91-7901408585
317,Dr. Vivaan Verma,"145/98 Main Road, Hyderabad, Telangana",+91-9350358446
318,Dr. Anaya Khan,"84/94 Main Road, Jaipur, Rajasthan",+91-8866393385
319,Dr. Rohit Bose,"568/9 Main Road, Pune, Maharashtra",+91-9517760326
320,Dr. Amit Patel,"97/71 Main Road, Hyderabad, Telangana",+91-8897424293
321,Dr. Amit Mehta,"844/37 Main Road, Bengaluru, Karnataka",+91-9770217408
322,Dr. Diya Nair,"997/45 Main Road, Jaipur, Rajasthan",+91-9293727672
323,Dr. Isha Khan,"392/97 Main Road, Ahmedabad, Gujarat",+91-9761817653
324,Dr. Rahul Yadav,"256/91 Main Road, Hyderabad, Telangana",+91-8914834037
325,Dr. Kiran Yadav,"409/22 Main Road, Hyderabad, Telangana",+91-9057142201
326,Dr. Arjun Reddy,"506/71 Main Road, Mumbai, Maharashtra",+91-7410885938
327,Dr. Kiran Yadav,"286/78 Main Road, Chennai, Tamil Nadu",+91-8112054390
328,Dr. Aditya Chowdhury,"106/32 Main Road, Ahmedabad, Gujarat",+91-9676387036
329,Dr. Aanya Reddy,"480/68 Main Road, Bengaluru, Karnataka",+91-7379112709
330,Dr. Sneha Desai,"319/26 Main Road, Jaipur, Rajasthan",+91-9371098216
331,Dr. Sneha Gupta,"65/86 Main Road, Mumbai, Maharashtra",+91-9531378942
332,Dr. Isha Ghosh,"163/53 Main Road, Mumbai, Maharashtra",+91-9729513297
333,Dr. Neha Desai,"819/61 Main Road, Pune, Maharashtra",+91-9502697284
334,Dr. Neha Sharma,"242/83 Main Road, Ahmedabad, Gujarat",+91-8296762894
335,Dr. Vihaan Tiwari,"32/34 Main Road, Jaipur, Rajasthan",+91-7448198207
336,Dr. Rahul Singh,"521/52 Main Road, Hyderabad, Telangana",+91-8103054587
337,Dr. Vivaan Ghosh,"687/68 Main Road, Hyderabad, Telangana",+91-8575179004
338,Dr. Myra Chowdhury,"848/92 Main Road, Chennai, Tamil Nadu",+91-7794127180
339,Dr. Aanya Chowdhury,"916/4 Main Road, Pune, Maharashtra",+91-7190904213
340,Dr. Arjun Iyer,"335/83 Main Road, Bengaluru, Karnataka",+91-7493374006
341,Dr. Neha Tiwari,"871/42 Main Road, Pune, Maharashtra",+91-8234634249
342,Dr. Anaya Kulkarni,"920/19 Main Road, Ahmedabad, Gujarat",+91-7101602855
343,Dr. Aarav Chowdhury,"387/27 Main Road, Jaipur, Rajasthan",+91-8762511130
344,Dr. Aditya Ghosh,"265/49 Main Road, Ahmedabad, Gujarat",+91-8104020644
345,Dr. Aanya Gupta,"625/74 Main Road, Chennai, Tamil Nadu",+91-8704312617
346,Dr. Amit Bose,"531/43 Main Road, Chennai, Tamil Nadu",+91-8427190388
347,Dr. Aanya Chowdhury,"95/80 Main Road, Kolkata, West Bengal",+91-9210847009
348,Dr. Amit Iyer,"873/79 Main Road, Pune, Maharashtra",+91-7458347892
349,Dr. Myra Jain,"413/2 Main Road, Chennai, Tamil Nadu",+91-8280050326
350,Dr. Rohit Ghosh,"302/90 Main Road, Ahmedabad, Gujarat",+91-7349588905
351,Dr. Aanya Verma,"420/25 Main Road, Chennai, Tamil Nadu",+91-8767679281
352,Dr. Anaya Reddy,"455/43 Main Road, Delhi, Delhi",+91-7942244442
353,Dr. Sneha Nair,"919/70 Main Road, Delhi, Delhi",+91-7702072209
354,Dr. Aarav Tiwari,"522/65 Main Road, Bengaluru, Karnataka",+91-8410767953
355,Dr. Amit Chowdhury,"583/95 Main Road, Bengaluru, Karnataka",+91-9447284096
356,Dr. Aarav Gupta,"400/1 Main Road, Bengaluru, Karnataka",+91-7642884063
357,Dr. Isha Desai,"823/10 Main Road, Kolkata, West Bengal",+91-8845578141
358,Dr. Anaya Nair,"894/30 Main Road, Kolkata, West Bengal",+91-8534833149
359,Dr. Sneha Patel,"984/17 Main Road, Bengaluru, Karnataka",+91-8148657547
360,Dr. Kiran Nair,"255/57 Main Road, Kolkata, West Bengal",+91-8856820110
361,Dr. Aarav Jain,"779/16 Main Road, Mumbai, Maharashtra",+91-8591782589
362,Dr. Amit Mehta,"88/41 Main Road, Pune, Maharashtra",+91-7897596122
363,Dr. Isha Khan,"151/99 Main Road, Ahmedabad, Gujarat",+91-8408134372
364,Dr. Aanya Patel,"592/57 Main Road, Kolkata, West Bengal",+91-9490989942
365,Dr. Anaya Singh,"20/49 Main Road, Pune, Maharashtra",+91-9186292549
366,Dr. Aditya Mehta,"693/65 Main Road, Mumbai, Maharashtra",+91-9365308746
367,Dr. Priya Jain,"259/29 Main Road, Bengaluru, Karnataka",+91-8583304314
368,Dr. Vihaan Reddy,"449/42 Main Road, Chennai, Tamil Nadu",+91-9539800345
369,Dr. Diya Ghosh,"932/19 Main Road, Kolkata, West Bengal",+91-7584334288
370,Dr. Isha Iyer,"195/44 Main Road, Delhi, Delhi",+91-9667269684
371,Dr. Amit Khan,"987/78 Main Road, Jaipur, Rajasthan",+91-8073591885
372,Dr. Aarav Singh,"943/43 Main Road, Hyderabad, Telangana",+91-9138297248
373,Dr. Amit Reddy,"662/57 Main Road, Kolkata, West Bengal",+91-8219630893
374,Dr. Rohit Reddy,"140/22 Main Road, Chennai, Tamil Nadu",+91-7640873005
375,Dr. Arjun Yadav,"152/15 Main Road, Chennai, Tamil Nadu",+91-8448398237
376,Dr. Aditya Patel,"135/88 Main Road, Ahmedabad, Gujarat",+91-7853890663
377,Dr. Aditya Reddy,"61/47 Main Road, Hyderabad, Telangana",+91-9735288450
378,Dr. Kiran Gupta,"345/18 Main Road, Kolkata, West Bengal",+91-7919429806
379,Dr. Aanya Nair,"804/39 Main Road, Bengaluru, Karnataka",+91-9543285369
380,Dr. Amit Pandey,"270/76 Main Road, Ahmedabad, Gujarat",+91-9603014692
381,Dr. Arjun Verma,"922/21 Main Road, Jaipur, Rajasthan",+91-8050089562
382,Dr. Neha Tiwari,"471/27 Main Road, Chennai, Tamil Nadu",+91-8387880606
383,Dr. Myra Gupta,"580/94 Main Road, Delhi, Delhi",+91-9988245471
384,Dr. Myra Patel,"119/48 Main Road, Jaipur, Rajasthan",+91-8807089172
385,Dr. Pooja Nair,"98/80 Main Road, Jaipur, Rajasthan",+91-7867345466
386,Dr. Myra Bose,"770/65 Main Road, Delhi, Delhi",+91-8634133201
387,Dr. Priya Pandey,"633/94 Main Road, Lucknow, Uttar Pradesh",+91-9017995632
388,Dr. Neha Chowdhury,"796/14 Main Road, Pune, Maharashtra",+91-7644832557
389,Dr. Vihaan Nair,"236/43 Main Road, Jaipur, Rajasthan",+91-7486993875
390,Dr. Vivaan Iyer,"698/76 Main Road, Mumbai, Maharashtra",+91-8569711550
391,Dr. Isha Ghosh,"665/50 Main Road, Bengaluru, Karnataka",+91-7257014242
392,Dr. Aanya Iyer,"658/6 Main Road, Pune, Maharashtra",+91-9968700502
393,Dr. Aditya Verma,"842/53 Main Road, Kolkata, West Bengal",+91-7935321646
394,Dr. Myra Singh,"523/53 Main Road, Hyderabad, Telangana",+91-9742103670
395,Dr. Vihaan Gupta,"176/75 Main Road, Lucknow, Uttar Pradesh",+91-7673916532
396,Dr. Aditya Iyer,"358/43 Main Road, Delhi, Delhi",+91-9561429041
397,Dr. Rohit Verma,"490/81 Main Road, Bengaluru, Karnataka",+91-8797323937
398,Dr. Aditya Tiwari,"66/99 Main Road, Mumbai, Maharashtra",+91-8189912150
399,Dr. Isha Kulkarni,"581/37 Main Road, Bengaluru, Karnataka",+91-7016972100
400,Dr. Vivaan Verma,"657/25 Main Road, Bengaluru, Karnataka",+91-7727483015
401,Dr. Priya Patel,"707/7 Main Road, Bengaluru, Karnataka",+91-7064805524
402,Dr. Arjun Patel,"379/21 Main Road, Jaipur, Rajasthan",+91-8145955048
403,Dr. Pooja Tiwari,"829/90 Main Road, Mumbai, Maharashtra",+91-8951310598
404,Dr. Aanya Sharma,"949/15 Main Road, Delhi, Delhi",+91-8178204197
405,Dr. Aanya Desai,"233/99 Main Road, Chennai, Tamil Nadu",+91-7857735037
406,Dr. Arjun Patel,"976/43 Main Road, Hyderabad, Telangana",+91-8389291545
407,Dr. Anaya Desai,"299/98 Main Road, Chennai, Tamil Nadu",+91-7370035032
408,Dr. Pooja Chowdhury,"136/7 Main Road, Kolkata, West Bengal",+91-9591245117
409,Dr. Pooja Bose,"3/93 Main Road, Hyderabad, Telangana",+91-9109548192
410,Dr. Siddharth Nair,"514/53 Main Road, Jaipur, Rajasthan",+91-7594202447
411,Dr. Rohit Singh,"25/23 Main Road, Pune, Maharashtra",+91-9371231412
412,Dr. Anaya Khan,"932/35 Main Road, Kolkata, West Bengal",+91-7075406711
413,Dr. Arjun Chowdhury,"461/80 Main Road, Pune, Maharashtra",+91-8909221878
414,Dr. Isha Nair,"233/20 Main Road, Mumbai, Maharashtra",+91-9823581332
415,Dr. Rahul Ghosh,"381/58 Main Road, Hyderabad, Telangana",+91-7097033217
416,Dr. Aarav Mehta,"484/46 Main Road, Chennai, Tamil Nadu",+91-7392059256
417,Dr. Aanya Patel,"691/74 Main Road, Delhi, Delhi",+91-9141373447
418,Dr. Arjun Ghosh,"154/44 Main Road, Ahmedabad, Gujarat",+91-8576599072
419,Dr. Aditya Ghosh,"124/16 Main Road, Kolkata, West Bengal",+91-8921382744
420,Dr. Arjun Chowdhury,"15/69 Main Road, Jaipur, Rajasthan",+91-9021598528
421,Dr. Diya Khan,"837/26 Main Road, Delhi, Delhi",+91-9908615358
422,Dr. Isha Reddy,"465/86 Main Road, Pune, Maharashtra",+91-7520563732
423,Dr. Vivaan Kulkarni,"591/75 Main Road, Chennai, Tamil Nadu",+91-7919675957
424,Dr. Amit Patel,"728/57 Main Road, Chennai, Tamil Nadu",+91-9207121022
425,Dr. Aanya Iyer,"243/58 Main Road, Hyderabad, Telangana",+91-8444806132
426,Dr. Isha Chowdhury,"595/48 Main Road, Delhi, Delhi",+91-8023227644
427,Dr. Vivaan Pandey,"53/21 Main Road, Lucknow, Uttar Pradesh",+91-7554443199
428,Dr. Siddharth Tiwari,"175/1 Main Road, Mumbai, Maharashtra",+91-8991990500
429,Dr. Diya Verma,"99/51 Main Road, Jaipur, Rajasthan",+91-7494632493
430,Dr. Aarav Mehta,"313/42 Main Road, Mumbai, Maharashtra",+91-7540701796
431,Dr. Diya Khan,"650/9 Main Road, Bengaluru, Karnataka",+91-7799770823
432,Dr. Aditya Singh,"740/10 Main Road, Ahmedabad, Gujarat",+91-8371207578
433,Dr. Priya Khan,"414/15 Main Road, Ahmedabad, Gujarat",+91-9754418452
434,Dr. Rohit Verma,"999/28 Main Road, Mumbai, Maharashtra",+91-9960100436
435,Dr. Amit Patel,"456/47 Main Road, Bengaluru, Karnataka",+91-9294802947
436,Dr. Vivaan Khan,"74/50 Main Road, Pune, Maharashtra",+91-9077846170
437,Dr. Anaya Tiwari,"673/59 Main Road, Delhi, Delhi",+91-7928495083
438,Dr. Amit Sharma,"139/6 Main Road, Delhi, Delhi",+91-7475268797
439,Dr. Rahul Desai,"131/9 Main Road, Delhi, Delhi",+91-9319670709
440,Dr. Rohit Kulkarni,"695/66 Main Road, Jaipur, Rajasthan",+91-9966714177
441,Dr. Neha Verma,"256/98 Main Road, Delhi, Delhi",+91-7754738957
442,Dr. Rohit Iyer,"909/19 Main Road, Ahmedabad, Gujarat",+91-9158766689
443,Dr. Aarav Desai,"374/6 Main Road, Pune, Maharashtra",+91-9477443006
444,Dr. Aditya Singh,"982/30 Main Road, Lucknow, Uttar Pradesh",+91-7592799396
445,Dr. Rahul Bose,"416/52 Main Road, Bengaluru, Karnataka",+91-7847791119
446,Dr. Aanya Kulkarni,"258/99 Main Road, Mumbai, Maharashtra",+91-7560464296
447,Dr. Diya Gupta,"565/23 Main Road, Lucknow, Uttar Pradesh",+91-8901209084
448,Dr. Arjun Pandey,"287/32 Main Road, Chennai, Tamil Nadu",+91-9223525789
449,Dr. Isha Kulkarni,"202/34 Main Road, Kolkata, West Bengal",+91-9225343070
450,Dr. Kiran Bose,"934/82 Main Road, Ahmedabad, Gujarat",+91-7511478907
451,Dr. Rahul Tiwari,"710/24 Main Road, Hyderabad, Telangana",+91-8954546412
452,Dr. Kiran Sharma,"699/71 Main Road, Chennai, Tamil Nadu",+91-8264030703
453,Dr. Kiran Nair,"377/24 Main Road, Bengaluru, Karnataka",+91-8651934726
454,Dr. Rahul Desai,"823/50 Main Road, Lucknow, Uttar Pradesh",+91-9433396486
455,Dr. Myra Ghosh,"883/22 Main Road, Mumbai, Maharashtra",+91-8480518541
456,Dr. Siddharth Mehta,"537/86 Main Road, Hyderabad, Telangana",+91-7097144808
457,Dr. Vivaan Mehta,"90/12 Main Road, Ahmedabad, Gujarat",+91-9193391959
458,Dr. Sneha Bose,"449/13 Main Road, Jaipur, Rajasthan",+91-7331762787
459,Dr. Aditya Patel,"801/22 Main Road, Kolkata, West Bengal",+91-7243309371
460,Dr. Rohit Ghosh,"341/75 Main Road, Chennai, Tamil Nadu",+91-8762944409
461,Dr. Anaya Tiwari,"681/80 Main Road, Hyderabad, Telangana",+91-7553876374
462,Dr. Siddharth Tiwari,"659/58 Main Road, Mumbai, Maharashtra",+91-9857039484
463,Dr. Priya Desai,"623/54 Main Road, Chennai, Tamil Nadu",+91-8489607157
464,Dr. Sneha Iyer,"107/92 Main Road, Mumbai, Maharashtra",+91-8685548075
465,Dr. Neha Verma,"117/20 Main Road, Jaipur, Rajasthan",+91-8130824984
466,Dr. Sneha Iyer,"430/13 Main Road, Lucknow, Uttar Pradesh",+91-8619071721
467,Dr. Kiran Iyer,"871/26 Main Road, Mumbai, Maharashtra",+91-7445327866
468,Dr. Amit Kulkarni,"861/27 Main Road, Lucknow, Uttar Pradesh",+91-7630109999
469,Dr. Kiran Singh,"74/38 Main Road, Chennai, Tamil Nadu",+91-7291466464
470,Dr. Rohit Desai,"568/96 Main Road, Hyderabad, Telangana",+91-8573074045
471,Dr. Isha Patel,"800/30 Main Road, Delhi, Delhi",+91-9324432607
472,Dr. Siddharth Tiwari,"537/40 Main Road, Kolkata, West Bengal",+91-7103633892
473,Dr. Arjun Sharma,"102/45 Main Road, Jaipur, Rajasthan",+91-9872157205
474,Dr. Rohit Nair,"552/83 Main Road, Delhi, Delhi",+91-9980316301
475,Dr. Arjun Ghosh,"967/83 Main Road, Delhi, Delhi",+91-9670241165
476,Dr. Aditya Mehta,"83/67 Main Road, Bengaluru, Karnataka",+91-8111089339
477,Dr. Isha Bose,"697/31 Main Road, Delhi, Delhi",+91-8136119387
478,Dr. Aarav Chowdhury,"450/99 Main Road, Kolkata, West Bengal",+91-7483884100
479,Dr. Sneha Nair,"5/82 Main Road, Pune, Maharashtra",+91-8453173590
480,Dr. Diya Yadav,"524/54 Main Road, Hyderabad, Telangana",+91-9114598221
481,Dr. Anaya Desai,"663/28 Main Road, Mumbai, Maharashtra",+91-7041703352
482,Dr. Rohit Kulkarni,"539/92 Main Road, Jaipur, Rajasthan",+91-9245795528
483,Dr. Arjun Iyer,"556/21 Main Road, Mumbai, Maharashtra",+91-8017899309
484,Dr. Rahul Sharma,"719/14 Main Road, Ahmedabad, Gujarat",+91-9732608075
485,Dr. Vihaan Nair,"379/70 Main Road, Mumbai, Maharashtra",+91-9698292964
486,Dr. Anaya Yadav,"771/45 Main Road, Ahmedabad, Gujarat",+91-8387938112
487,Dr. Vihaan Iyer,"169/47 Main Road, Ahmedabad, Gujarat",+91-9250311665
488,Dr. Sneha Iyer,"891/91 Main Road, Hyderabad, Telangana",+91-7211589189
489,Dr. Arjun Bose,"839/65 Main Road, Lucknow, Uttar Pradesh",+91-8628104016
490,Dr. Vihaan Tiwari,"857/57 Main Road, Lucknow, Uttar Pradesh",+91-8301667837
491,Dr. Anaya Verma,"636/81 Main Road, Delhi, Delhi",+91-8256078762
492,Dr. Priya Bose,"584/88 Main Road, Delhi, Delhi",+91-9262528285
493,Dr. Rahul Singh,"594/9 Main Road, Delhi, Delhi",+91-7793321770
494,Dr. Pooja Iyer,"670/12 Main Road, Ahmedabad, Gujarat",+91-8269709464
495,Dr. Aanya Khan,"182/35 Main Road, Chennai, Tamil Nadu",+91-9852328454
496,Dr. Kiran Desai,"190/3 Main Road, Bengaluru, Karnataka",+91-8663802382
497,Dr. Priya Singh,"170/7 Main Road, Kolkata, West Bengal",+91-8890399666
498,Dr. Rahul Yadav,"802/13 Main Road, Mumbai, Maharashtra",+91-7744143190
499,Dr. Sneha Bose,"993/80 Main Road, Kolkata, West Bengal",+91-8385352147
500,Dr. Siddharth Kulkarni,"900/25 Main Road, Hyderabad, Telangana",+91-8162433707
