name,phone,coPay
Bhatti Group Health Insurance,312415859,Yes
"Buch, Sane and Mital Health Insurance",4725671570,No
Raval-Panchal Health Insurance,3558053298,No
Dalal Group Health Insurance,2200795707,Yes
"Sridhar, Upadhyay and Dewan Health Insurance",905244964,Yes
Nair PLC Health Insurance,8979259580,Yes
Setty-Sarna Health Insurance,7400339803,Yes
Sant LLC Health Insurance,8205481214,No
"Banerjee, Chad and Nath Health Insurance",3017058996,No
Dugar Ltd Health Insurance,915688459465,No
"Bhasin, Tripathi and Atwal Health Insurance",3852061786,Yes
"Soni, Vohra and Vohra Health Insurance",3882491912,Yes
Chaudhari-Dixit Health Insurance,9685194407,No
"Borah, Parmer and Varty Health Insurance",9684079358,Yes
Gala and Sons Health Insurance,1068376723,Yes
Upadhyay-Dalal Health Insurance,996810588,No
Basak-Konda Health Insurance,1867211462,Yes
Chandra PLC Health Insurance,3911547694,No
Bahl Inc Health Insurance,916386609151,No
"Sheth, Gera and Nagi Health Insurance",6890270608,Yes
Pillai Ltd Health Insurance,3549787488,Yes
Pandya-Vig Health Insurance,8246700674,Yes
Batra-Mane Health Insurance,4455217126,No
Patil Inc Health Insurance,912945962174,Yes
"Chauhan, Kakar and Saxena Health Insurance",9203705346,No
Dhawan Ltd Health Insurance,515546544,Yes
Andra LLC Health Insurance,4315671051,No
Barman-Vasa Health Insurance,5414480839,No
"Singh, Khurana and Suri Health Insurance",7554967153,No
"Jain, Peri and Dave Health Insurance",1852214357,Yes
Dutta and Sons Health Insurance,6224835255,Yes
Gade LLC Health Insurance,919407524674,Yes
"Shah, Ghose and Sankar Health Insurance",916326507368,Yes
"Loyal, Parikh and Bajwa Health Insurance",2428024855,Yes
Lad-Sekhon Health Insurance,6092106989,No
"Choudhry, Sood and Mall Health Insurance",911348812207,Yes
Badami Inc Health Insurance,8154891562,No
"Suresh, Bath and Choudhry Health Insurance",7221468283,No
Gupta-Arya Health Insurance,918933653338,No
Chahal Ltd Health Insurance,916116685272,Yes
Jha Ltd Health Insurance,4535232543,Yes
Shetty LLC Health Insurance,6746087793,No
"Ahluwalia, Shan and Dass Health Insurance",6922185989,No
Aggarwal-Bose Health Insurance,910136991519,Yes
"Shah, Chokshi and Dhaliwal Health Insurance",914068377066,No
Lall Inc Health Insurance,1762425746,No
Sheth LLC Health Insurance,1344211666,Yes
Naidu-Devi Health Insurance,912386008501,Yes
Grewal-Rau Health Insurance,7830774518,No
Patla-Iyer Health Insurance,2579164322,Yes
